<?xml version="1.0" encoding="UTF-8" ?>
<?xml-stylesheet type="text/xsl" href="https://portal.rosreestr.ru/xsl/EGRP/Reestr_Extract_Big/ZU/07/Common.xsl"?>

<KVZU xmlns="urn://x-artefacts-rosreestr-ru/outgoing/kvzu/7.0.1"
xmlns:smev="urn://x-artefacts-smev-gov-ru/supplementary/commons/1.0.1"
xmlns:num="urn://x-artefacts-rosreestr-ru/commons/complex-types/numbers/1.0"
xmlns:adrs="urn://x-artefacts-rosreestr-ru/commons/complex-types/address-output/4.0.1"
xmlns:spa="urn://x-artefacts-rosreestr-ru/commons/complex-types/entity-spatial/5.0.1"
xmlns:cer="urn://x-artefacts-rosreestr-ru/commons/complex-types/certification-doc/1.0"
xmlns:doc="urn://x-artefacts-rosreestr-ru/commons/complex-types/document-output/4.0.1"
xmlns:nobj="urn://x-artefacts-rosreestr-ru/commons/complex-types/natural-objects-output/1.0.1">
<Parcels>
<Parcel CadastralNumber="36:02:5600014:69" State="06"
DateCreated="2017-06-08"
>
<CadastralBlock>36:02:5600014</CadastralBlock>
<Name>01</Name>
<Area>
<Area>1899</Area>
<Unit>055</Unit>
<Inaccuracy>76</Inaccuracy>
</Area>
<Location>
<Address> <adrs:OKATO>20204000000</adrs:OKATO>
<adrs:KLADR>3600300000000</adrs:KLADR>
<adrs:Region>36</adrs:Region>
<adrs:District Name="Бобровский" Type="р-н" />
<adrs:Other>Шестаковское сельское поселение, км 633+325 (лево) федеральной автомобильной дороги М-4 «Дон»</adrs:Other>
<adrs:Note>Воронежская область, р-н Бобровский, Шестаковское сельское поселение, км 633+325 (лево) федеральной автомобильной дороги М-4 «Дон»</adrs:Note>
</Address>
</Location>
<Category>003003000000</Category>
<Utilization Utilization="143003020100" ByDoc="Автомобильный транспорт" />
<EntitySpatial EntSys="ID0" >
<spa:SpatialElement >
<spa:SpelementUnit TypeUnit="Точка" SuNmb="1" >
<spa:Ordinate X="414534.2" Y="2146819.55" OrdNmb="1" DeltaGeopoint="0.5" GeopointZacrep="-" />
</spa:SpelementUnit>
<spa:SpelementUnit TypeUnit="Точка" SuNmb="2" >
<spa:Ordinate X="414499.48" Y="2146783.34" OrdNmb="1" DeltaGeopoint="0.5" GeopointZacrep="-" />
</spa:SpelementUnit>
<spa:SpelementUnit TypeUnit="Точка" SuNmb="3" >
<spa:Ordinate X="414484.81" Y="2146768.19" OrdNmb="1" DeltaGeopoint="0.5" GeopointZacrep="-" />
</spa:SpelementUnit>
<spa:SpelementUnit TypeUnit="Точка" SuNmb="4" >
<spa:Ordinate X="414462.3" Y="2146795.53" OrdNmb="1" DeltaGeopoint="0.5" GeopointZacrep="-" />
</spa:SpelementUnit>
<spa:SpelementUnit TypeUnit="Точка" SuNmb="5" >
<spa:Ordinate X="414469.67" Y="2146801.59" OrdNmb="1" DeltaGeopoint="0.5" GeopointZacrep="-" />
</spa:SpelementUnit>
<spa:SpelementUnit TypeUnit="Точка" SuNmb="6" >
<spa:Ordinate X="414475.23" Y="2146780.25" OrdNmb="1" DeltaGeopoint="0.5" GeopointZacrep="-" />
</spa:SpelementUnit>
<spa:SpelementUnit TypeUnit="Точка" SuNmb="7" >
<spa:Ordinate X="414505.52" Y="2146812.24" OrdNmb="1" DeltaGeopoint="0.5" GeopointZacrep="-" />
</spa:SpelementUnit>
<spa:SpelementUnit TypeUnit="Точка" SuNmb="8" >
<spa:Ordinate X="414560.53" Y="2146863.55" OrdNmb="1" DeltaGeopoint="0.5" GeopointZacrep="-" />
</spa:SpelementUnit>
<spa:SpelementUnit TypeUnit="Точка" SuNmb="9" >
<spa:Ordinate X="414577.17" Y="2146880.33" OrdNmb="1" DeltaGeopoint="0.5" GeopointZacrep="-" />
</spa:SpelementUnit>
<spa:SpelementUnit TypeUnit="Точка" SuNmb="10" >
<spa:Ordinate X="414582.23" Y="2146875.46" OrdNmb="1" DeltaGeopoint="0.5" GeopointZacrep="-" />
</spa:SpelementUnit>
<spa:SpelementUnit TypeUnit="Точка" SuNmb="11" >
<spa:Ordinate X="414566.14" Y="2146858.16" OrdNmb="1" DeltaGeopoint="0.5" GeopointZacrep="-" />
</spa:SpelementUnit>
<spa:SpelementUnit TypeUnit="Точка" SuNmb="1" >
<spa:Ordinate X="414534.2" Y="2146819.55" OrdNmb="1" DeltaGeopoint="0.5" GeopointZacrep="-" />
</spa:SpelementUnit>
</spa:SpatialElement>
<spa:Borders>
<spa:Border Spatial="1" Point1="1" Point2="2">
<spa:Edge>
</spa:Edge>
</spa:Border>
<spa:Border Spatial="1" Point1="2" Point2="3">
<spa:Edge>
</spa:Edge>
</spa:Border>
<spa:Border Spatial="1" Point1="3" Point2="4">
<spa:Edge>
</spa:Edge>
</spa:Border>
<spa:Border Spatial="1" Point1="4" Point2="5">
<spa:Edge>
</spa:Edge>
</spa:Border>
<spa:Border Spatial="1" Point1="5" Point2="6">
<spa:Edge>
</spa:Edge>
</spa:Border>
<spa:Border Spatial="1" Point1="6" Point2="7">
<spa:Edge>
</spa:Edge>
</spa:Border>
<spa:Border Spatial="1" Point1="7" Point2="8">
<spa:Edge>
</spa:Edge>
</spa:Border>
<spa:Border Spatial="1" Point1="8" Point2="9">
<spa:Edge>
</spa:Edge>
</spa:Border>
<spa:Border Spatial="1" Point1="9" Point2="10">
<spa:Edge>
</spa:Edge>
</spa:Border>
<spa:Border Spatial="1" Point1="10" Point2="11">
<spa:Edge>
</spa:Edge>
</spa:Border>
<spa:Border Spatial="1" Point1="11" Point2="1">
<spa:Edge>
</spa:Edge>
</spa:Border>
<spa:Border Spatial="1" Point1="1" Point2="1">
<spa:Edge>
</spa:Edge>
</spa:Border>
</spa:Borders>
</EntitySpatial>
<CadastralCost Value="10463.49" Unit="383" />
<SpecialNote>Для данного земельного участка обеспечен доступ посредством земельного участка (земельных участков) с кадастровым номером (кадастровыми номерами) 36:02:5600014:6. </SpecialNote>
</Parcel>
</Parcels>
<CertificationDoc>
<cer:Organization>ФГИС ЕГРН</cer:Organization>
<cer:Date>2017-07-10</cer:Date>
<cer:Number>99/2017/22503527</cer:Number>
</CertificationDoc>
<Contractors>
<Contractor >
<FamilyName>Телятникова</FamilyName>
<FirstName>Наталья</FirstName>
<Patronymic>Александровна</Patronymic>
<NCertificate>36-11-158</NCertificate>
<Organization>
<Name>ООО НПП «КОМПЬЮТЕРНЫЕ ТЕХНОЛОГИИ»</Name>
</Organization>
</Contractor>
</Contractors>
<CoordSystems>
<spa:CoordSystem Name="СК кадастрового округа" CsId="ID0" />
</CoordSystems>
<eDocument CodeType="112" Version="07" Scope="GKN">
<Sender Kod="00.0.4.195"
Name="ФГИС ЕГРН"
Region="99"
Date_Upload="2017-07-10"
Appointment="Государственный регистратор"
/>
<Recipient Kod="00.0.4.111" Name="Мирзоева Людмила Александровна" />
</eDocument>
<ReestrExtract>
<DeclarAttribute ID_KUVI="0"
ExtractTypeCode="012000"
ExtractTypeText="Выписка из Единого государственного реестра недвижимости об объекте недвижимости"
ExtractNumber="99/2017/22503527"
ExtractDate="10.07.2017"
RequeryNumber="80-10010045"
RequeryDate="10.07.2017"
ExtractCount="0"
NoticeCount="0"
RefuseCount="0"
Registrator="ФГИС ЕГРН">
<ReceivName>Мирзоева Людмила Александровна</ReceivName>
<ReceivAdress>не указан</ReceivAdress>
</DeclarAttribute>
<ExtractObjectRight>
<HeadContent>
<ID_REC_KUVI>0</ID_REC_KUVI>
<Title>ФЕДЕРАЛЬНАЯ СЛУЖБА ГОСУДАРСТВЕННОЙ РЕГИСТРАЦИИ, КАДАСТРА И КАРТОГРАФИИ</Title>
<DeptName>ФГИС ЕГРН</DeptName>
<ExtractTitle>Выписка из Единого государственного реестра недвижимости об объекте недвижимости</ExtractTitle>
<Content>На основании запроса от 10.07.2017 г., поступившего на рассмотрение 10.07.2017 г., сообщаем, что согласно записям Единого государственного реестра недвижимости:</Content>
</HeadContent>
<InfoENK/>
<InfoPIK/>
<FootContent>
<Recipient>Мирзоева Людмила Александровна</Recipient>
<ExtractDate>10.07.2017</ExtractDate>
<Content></Content>
</FootContent>
</ExtractObjectRight>
</ReestrExtract>
</KVZU>